pay_period_id,start_date,end_date,pay_date,description,created_at,updated_at
1,2025-03-07,2025-03-15,2025-03-20,Semi-Monthly 2025-03-07,2025-03-21 00:06:27.231518,2025-03-21 00:06:27.231520
2,2025-03-16,2025-03-31,2025-04-05,Monthly 2025-03-16,2025-03-21 00:06:27.231532,2025-03-21 00:06:27.231533
3,2025-04-01,2025-04-15,2025-04-20,Semi-Monthly 2025-04-01,2025-03-21 00:06:27.231540,2025-03-21 00:06:27.231540
4,2025-04-16,2025-04-29,2025-05-04,Bi-Weekly 2025-04-16,2025-03-21 00:06:27.231546,2025-03-21 00:06:27.231546
5,2025-04-30,2025-04-30,2025-05-05,Semi-Monthly 2025-04-30,2025-03-21 00:06:27.231554,2025-03-21 00:06:27.231554
6,2025-05-01,2025-05-15,2025-05-20,Semi-Monthly 2025-05-01,2025-03-21 00:06:27.231560,2025-03-21 00:06:27.231560
7,2025-05-16,2025-05-22,2025-05-27,Weekly 2025-05-16,2025-03-21 00:06:27.231566,2025-03-21 00:06:27.231566
8,2025-05-23,2025-06-05,2025-06-10,Bi-Weekly 2025-05-23,2025-03-21 00:06:27.231574,2025-03-21 00:06:27.231574
9,2025-06-06,2025-06-15,2025-06-20,Semi-Monthly 2025-06-06,2025-03-21 00:06:27.231580,2025-03-21 00:06:27.231580
